timestamp,accel_x,accel_y,accel_z,gyro_x,gyro_y,gyro_z,quat_w,quat_x,quat_y,quat_z,roll,pitch,yaw,att_sp_roll,att_sp_pitch,att_sp_yaw,rate_sp_roll,rate_sp_pitch,rate_sp_yaw,att_cmd_roll,att_cmd_pitch,att_cmd_yaw,rate_cmd_roll,rate_cmd_pitch,rate_cmd_yaw,altitude,climb_rate,flight_state,flight_mode
466925,0.150,-0.025,0.981,3.337,1.506,2.288,0.9402,0.0134,-0.0755,0.3318,-1.443,-8.680,218.985,0.215,-1.564,2.111,0.000,-1.877,0.704,9.323,24.779,2.111,-0.127,0.928,0.066,1.55,0.01,3,0
467298,0.185,0.091,1.037,-30.097,22.877,-5.659,0.9339,0.0395,-0.0525,0.3516,2.130,-7.231,221.124,0.215,-1.564,2.287,0.000,-1.877,0.704,-11.348,20.086,2.287,0.415,-0.604,0.582,1.54,-0.46,3,0
467317,0.187,0.095,1.041,-34.323,21.738,-6.656,0.9345,0.0352,-0.0517,0.3504,1.704,-6.972,221.006,0.215,-1.564,2.287,0.000,-1.877,0.704,-9.130,19.172,2.111,0.512,-0.631,0.651,1.54,-0.33,3,0
467333,0.179,0.094,1.048,-36.484,20.091,-7.443,0.9352,0.0305,-0.0512,0.3491,1.233,-6.722,220.868,0.215,-1.564,2.287,0.000,-1.877,0.704,-6.264,18.190,2.287,0.593,-0.538,0.709,1.55,0.66,3,0
467346,0.175,0.091,1.042,-36.188,18.418,-7.527,0.9356,0.0275,-0.0510,0.3482,0.917,-6.573,220.769,0.215,-1.564,2.287,0.000,-1.877,0.704,-4.786,17.735,2.287,0.640,-0.392,0.743,1.56,0.66,3,0
467355,0.171,0.087,1.039,-35.832,17.126,-7.490,0.9359,0.0255,-0.0509,0.3475,0.710,-6.484,220.702,0.215,-1.564,2.287,0.000,-1.877,0.704,-3.041,17.248,2.287,0.668,-0.284,0.753,1.56,0.63,3,0
467382,0.159,0.063,1.027,-30.372,13.407,-7.044,0.9369,0.0193,-0.0510,0.3454,0.058,-6.249,220.467,0.215,-1.564,2.111,0.000,-1.877,0.704,0.648,16.398,2.111,0.750,0.032,0.691,1.58,0.60,3,0
467396,0.156,0.058,1.021,-28.476,12.695,-6.575,0.9371,0.0183,-0.0510,0.3449,-0.057,-6.212,220.421,0.215,-1.564,2.111,0.000,-1.877,0.704,0.648,16.398,2.111,0.764,0.089,0.644,1.58,0.60,3,0
467400,0.151,0.054,1.019,-26.856,11.985,-6.033,0.9372,0.0173,-0.0511,0.3445,-0.161,-6.180,220.377,0.215,-1.564,2.111,0.000,-1.877,0.704,1.716,16.186,2.111,0.762,0.143,0.586,1.58,0.50,3,0
467412,0.139,0.042,1.008,-22.171,10.681,-4.710,0.9375,0.0154,-0.0511,0.3437,-0.360,-6.114,220.288,0.215,-1.564,2.111,0.000,-1.877,0.704,3.446,15.820,2.111,0.664,0.285,0.353,1.58,-0.12,3,0
467428,0.124,0.030,0.995,-15.707,9.193,-3.140,0.9379,0.0140,-0.0510,0.3429,-0.505,-6.039,220.198,0.215,-1.564,2.287,0.000,-1.877,0.704,3.821,15.706,2.287,0.465,0.380,0.175,1.58,-0.12,3,0
